{
  "r2": 0.8561447858810425,
  "mape": 0.38597455620765686,
  "predict_time": 8.108627796173096,
  "train_time": 1048.6821446418762,
  "n_epochs": 59,
  "train_errors": [
    NaN,
    NaN,
    NaN,
    NaN,
    NaN,
    NaN,
    NaN,
    NaN,
    NaN,
    NaN,
    NaN,
    NaN,
    NaN,
    NaN,
    NaN,
    NaN,
    NaN,
    NaN,
    NaN,
    NaN,
    NaN,
    NaN,
    NaN,
    NaN,
    NaN,
    NaN,
    NaN,
    NaN,
    NaN,
    NaN,
    NaN,
    NaN,
    NaN,
    NaN,
    NaN,
    NaN,
    NaN,
    NaN,
    NaN,
    NaN,
    NaN,
    NaN,
    NaN,
    NaN,
    NaN,
    NaN,
    NaN,
    NaN,
    NaN,
    NaN,
    NaN,
    NaN,
    NaN,
    NaN,
    NaN,
    NaN,
    NaN,
    NaN,
    NaN,
    NaN,
    NaN
  ],
  "val_errors": [
    10.490884780883789,
    1.0296931266784668,
    0.8210318684577942,
    0.8304889798164368,
    0.6225724816322327,
    0.8169204592704773,
    0.6519134640693665,
    0.6401520371437073,
    0.5934098958969116,
    0.546528697013855,
    0.5419705510139465,
    0.5462043881416321,
    0.5476917028427124,
    0.493148535490036,
    0.5286092758178711,
    0.5532797574996948,
    0.4761632978916168,
    0.467849999666214,
    0.5766399502754211,
    0.45976150035858154,
    0.5266515016555786,
    0.44465309381484985,
    0.5052341818809509,
    0.46045204997062683,
    0.5423017144203186,
    0.4544745981693268,
    0.42601919174194336,
    0.42362019419670105,
    0.44812527298927307,
    0.41273045539855957,
    0.40318283438682556,
    0.43277299404144287,
    0.4072323143482208,
    0.4046317934989929,
    0.37691986560821533,
    0.4384406507015228,
    0.3768867254257202,
    0.4771026074886322,
    0.39316704869270325,
    0.3708846867084503,
    0.37395352125167847,
    0.3681950569152832,
    0.4061463475227356,
    0.38921472430229187,
    0.36865943670272827,
    0.3709622323513031,
    0.3482401967048645,
    0.390286922454834,
    0.3435365557670593,
    0.3420405983924866,
    0.4475676417350769,
    0.3571568429470062,
    0.3493855893611908,
    0.3759004473686218,
    0.37090250849723816,
    0.3477095663547516,
    0.36507079005241394,
    0.34358546137809753,
    0.35192736983299255,
    0.3871598243713379,
    0.3446729779243469
  ],
  "train_times": [
    17.03630256652832,
    16.983218669891357,
    17.018522024154663,
    17.055299997329712,
    17.084781885147095,
    17.15838623046875,
    17.18657612800598,
    17.198769092559814,
    17.2281014919281,
    17.33757710456848,
    17.41695737838745,
    17.386954069137573,
    17.33021855354309,
    17.59087061882019,
    17.410686254501343,
    17.435720920562744,
    17.54464054107666,
    17.434828758239746,
    17.547167539596558,
    17.52629327774048,
    17.579374313354492,
    17.477431297302246,
    17.439346075057983,
    17.569188833236694,
    17.494903087615967,
    17.472359657287598,
    17.485456228256226,
    17.58863592147827,
    17.510197639465332,
    17.64616584777832,
    17.512006998062134,
    17.47212553024292,
    17.611600399017334,
    17.567588329315186,
    17.56439185142517,
    17.67602229118347,
    17.526348114013672,
    17.533668279647827,
    17.52201271057129,
    17.64451551437378,
    17.552059412002563,
    17.5294189453125,
    17.59411597251892,
    17.606547832489014,
    17.513590097427368,
    17.550628185272217,
    17.541538953781128,
    17.664905071258545,
    17.557416439056396,
    17.629572868347168,
    17.645846366882324,
    17.58418583869934,
    17.55320382118225,
    17.73579239845276,
    17.60466694831848,
    17.691906690597534,
    17.597217559814453,
    17.606781721115112,
    17.539029359817505,
    17.578508138656616
  ]
}